url,id
https://www.fedramp.gov/2026/reference/20x/a/certification-package-overview/,CPO-CSX-CPM
https://www.fedramp.gov/2026/reference/20x/a/fedramp-certification/,FRC-APP-AFC
https://www.fedramp.gov/2026/reference/20x/a/fedramp-certification/,FRC-APP-FCP
https://www.fedramp.gov/2026/reference/20x/a/fedramp-certification/,FRC-APP-FIA
https://www.fedramp.gov/2026/reference/20x/a/fedramp-certification/,FRC-APP-MLF
https://www.fedramp.gov/2026/reference/20x/a/fedramp-certification/,FRC-APP-NTP
https://www.fedramp.gov/2026/reference/20x/a/fedramp-certification/,FRC-APP-USA
https://www.fedramp.gov/2026/reference/20x/a/fedramp-certification/,FRC-CLA-ASF
https://www.fedramp.gov/2026/reference/20x/a/fedramp-certification/,FRC-CLA-EAM
https://www.fedramp.gov/2026/reference/20x/a/fedramp-certification/,FRC-CLA-IVV
https://www.fedramp.gov/2026/reference/20x/a/fedramp-certification/,FRC-CLA-MFR
https://www.fedramp.gov/2026/reference/20x/a/fedramp-certification/,FRC-CLA-OFR
https://www.fedramp.gov/2026/reference/20x/a/fedramp-certification/,FRC-CLA-RFR
https://www.fedramp.gov/2026/reference/20x/a/fedramp-certification/,FRC-CSO-FCP
https://www.fedramp.gov/2026/reference/20x/a/fedramp-certification/,FRC-CSO-JSN
https://www.fedramp.gov/2026/reference/20x/a/fedramp-certification/,FRC-CSO-MRA
https://www.fedramp.gov/2026/reference/20x/a/fedramp-certification/,FRC-CSO-PKG
https://www.fedramp.gov/2026/reference/20x/a/fedramp-certification/,FRC-CSO-POP
https://www.fedramp.gov/2026/reference/20x/a/key-security-indicators/,KSI-CED-RAT
https://www.fedramp.gov/2026/reference/20x/a/key-security-indicators/,KSI-CMT-LMC
https://www.fedramp.gov/2026/reference/20x/a/key-security-indicators/,KSI-CNA-RNT
https://www.fedramp.gov/2026/reference/20x/a/key-security-indicators/,KSI-IAM-AAM
https://www.fedramp.gov/2026/reference/20x/a/key-security-indicators/,KSI-IAM-APM
https://www.fedramp.gov/2026/reference/20x/a/key-security-indicators/,KSI-INR-RIR
https://www.fedramp.gov/2026/reference/20x/a/key-security-indicators/,KSI-SVC-SIN
https://www.fedramp.gov/2026/reference/20x/a/marketplace-listing/,MKT-CAS-LRQ
https://www.fedramp.gov/2026/reference/20x/a/marketplace-listing/,MKT-CAS-RFR
https://www.fedramp.gov/2026/reference/20x/a/marketplace-listing/,MKT-CAS-WEB
https://www.fedramp.gov/2026/reference/20x/a/marketplace-listing/,MKT-CSO-MLR
https://www.fedramp.gov/2026/reference/20x/a/marketplace-listing/,MKT-CSO-PML
https://www.fedramp.gov/2026/reference/20x/a/marketplace-listing/,MKT-FRP-SOF
https://www.fedramp.gov/2026/reference/20x/a/marketplace-listing/,MKT-IAS-LRQ
https://www.fedramp.gov/2026/reference/20x/a/marketplace-listing/,MKT-IAS-OFR
https://www.fedramp.gov/2026/reference/20x/a/marketplace-listing/,MKT-IAS-WEB
https://www.fedramp.gov/2026/reference/20x/a/marketplace-listing/,MKT-IIP-AGU
https://www.fedramp.gov/2026/reference/20x/a/marketplace-listing/,MKT-IIP-DCP
https://www.fedramp.gov/2026/reference/20x/a/marketplace-listing/,MKT-IIP-DLA
https://www.fedramp.gov/2026/reference/20x/a/related/,AFC-CSO-CRA
https://www.fedramp.gov/2026/reference/20x/a/related/,AFC-CSO-INB
https://www.fedramp.gov/2026/reference/20x/a/related/,AFC-CSO-RCV
https://www.fedramp.gov/2026/reference/20x/a/related/,CCM-OCR-AVL
https://www.fedramp.gov/2026/reference/20x/a/related/,CCM-OCR-NRD
https://www.fedramp.gov/2026/reference/20x/a/related/,CCM-QTR-MTG
https://www.fedramp.gov/2026/reference/20x/a/related/,CDS-CSO-AVR
https://www.fedramp.gov/2026/reference/20x/a/related/,CDS-CSO-PSM
https://www.fedramp.gov/2026/reference/20x/a/related/,CDS-CSO-PUB
https://www.fedramp.gov/2026/reference/20x/a/related/,CDS-CSO-UTC
https://www.fedramp.gov/2026/reference/20x/a/related/,CDS-UTC-AAD
https://www.fedramp.gov/2026/reference/20x/a/related/,CMU-CSO-UVM
https://www.fedramp.gov/2026/reference/20x/a/related/,CPO-CSF-CPM
https://www.fedramp.gov/2026/reference/20x/a/related/,IEC-CSO-EFR
https://www.fedramp.gov/2026/reference/20x/a/related/,IEC-CSO-FIR
https://www.fedramp.gov/2026/reference/20x/a/related/,IEC-CSO-IIR
https://www.fedramp.gov/2026/reference/20x/a/related/,IEC-CSO-OIR
https://www.fedramp.gov/2026/reference/20x/a/related/,IVV-CSF-AIA
https://www.fedramp.gov/2026/reference/20x/a/related/,IVV-CSO-FIA
https://www.fedramp.gov/2026/reference/20x/a/related/,IVV-CSX-AIA
https://www.fedramp.gov/2026/reference/20x/a/related/,MAS-CSO-IIR
https://www.fedramp.gov/2026/reference/20x/a/related/,SDR-CSX-KMT
https://www.fedramp.gov/2026/reference/20x/a/related/,VDR-CSO-DET
https://www.fedramp.gov/2026/reference/20x/a/related/,VDR-TFR-MVX
https://www.fedramp.gov/2026/reference/20x/a/related/,VDR-TFR-PCD
https://www.fedramp.gov/2026/reference/20x/a/related/,VDR-TFR-PDD
https://www.fedramp.gov/2026/reference/20x/a/related/,VDR-TFR-PSD
https://www.fedramp.gov/2026/reference/20x/a/related/,VDR-TFR-PVR
https://www.fedramp.gov/2026/reference/20x/a/related/,VER-TFR-EVU
https://www.fedramp.gov/2026/reference/20x/a/related/,VER-TFR-IRI
https://www.fedramp.gov/2026/reference/20x/a/related/,VER-TFR-MRH
https://www.fedramp.gov/2026/reference/20x/a/related/,VER-TFR-NRI
